Master NLC,Master ASC,Unique Station Name,Easting,Northing,Latitude,Longitude
750,ABRd,Abbey Road,539071.2844,183417.3246,51.532539,0.003604948
5131,ABWr,Abbey Wood,547308.6754,179035.458,51.491078,0.12045845
1404,ACCr,Acton Central,520656.3315,180295.4703,51.508712,-0.26281226
3000,AMLr,Acton Main Line,520277.9733,181204.7743,51.516971,-0.26794616
500,ACTu,Acton Town,519481.4399,179598.8618,51.502706,-0.27997061
9441,ADVt,Addington Village,537066.8056,163746.7247,51.356269,-0.03287923
9440,ADSt,Addiscombe,534185.8849,166304.1704,51.379935,-0.073265437
5132,AYPr,Albany Park,547871.0777,172852.9809,51.435384,0.12596416
502,ALDu,Aldgate,533622.9128,181235.3162,51.514245,-0.07571749
503,ALEu,Aldgate East,533957.462,181396.6669,51.515622,-0.070845553
6025,AAPr,Alexandra Palace,530280.7493,190456.0046,51.59789,-0.12043871
850,ALSd,All Saints,537985.1838,180941.5174,51.510564,-0.013010184
505,ALPu,Alperton,517985.7868,183803.0036,51.540804,-0.30009325
506,AMEu,Amersham,496395.2743,198175.3361,51.674085,-0.60736838
9442,AMPt,Ampere Way,530670.3274,166482.5677,51.382363,-0.12369167
5397,ANYr,Anerley,534625.0143,169949.2467,51.412587,-0.065579925
507,ANGu,Angel,531463.5869,183148.4023,51.531942,-0.10609982
508,ARCu,Archway,529364.7343,186821.2997,51.565434,-0.13499401
9443,ARNt,Arena,535196.3216,167629.3203,51.391603,-0.058257667
509,AGRu,Arnos Grove,529338.5551,192491.9164,51.616403,-0.13328087
510,ARLu,Arsenal,531291.7404,186085.9402,51.558384,-0.10748286
9444,AVRt,Avenue Road,535758.9892,169334.7534,51.406799,-0.049518776
511,BSTu,Baker Street,527978.2637,182017.892,51.522587,-0.15673869
512,BALu,Balham LU,528468.7618,173213.5017,51.443356,-0.15286522
5399,BALr,Balham NR,528569.3403,173157.8317,51.44283,-0.15144746
513,BNKu,Bank and Monument,532707.0196,181114.7364,51.513382,-0.088955409
5348,BADr,Banstead,524508.4078,160446.324,51.32949,-0.21430169
501,BARu,Barbican,532012.4729,181850.0335,51.52015,-0.098690051
514,BKGu,Barking,544298.0594,184423.0307,51.540267,0.079322605
515,BDEu,Barkingside,544798.3446,189506.6592,51.585821,0.088619644
5089,BNHr,Barnehurst,550114.8223,176217.0913,51.46502,0.15964919
5551,BNSr,Barnes,522269.0509,175668.1219,51.466782,-0.2411825
5580,BNIr,Barnes Bridge,521459.7772,176230.6031,51.472016,-0.25262988
516,BCTu,Barons Court,524116.9835,178325.6652,51.490268,-0.21365907
5420,BAKr,Battersea Park,528693.4896,177077.5755,51.47803,-0.14823892
6006,BAYr,Bayford,531528.3561,208294.5117,51.757906,-0.095732398
517,BAYu,Bayswater,525810.9705,180816.5624,51.51228,-0.18838485
5076,BECr,Beckenham Hill,538061.0008,171341.9219,51.424279,-0.015662107
5046,BKJr,Beckenham Junction,537343.9144,169823.8402,51.410812,-0.026555734
9445,BCJt,Beckenham Junction Trams,537343.9144,169823.8402,51.410812,-0.026555734
9446,BCRt,Beckenham Road,536193.0247,169662.3245,51.409634,-0.043157405
895,BECd,Beckton,543134.4482,181508.0967,51.514371,0.06136648
891,BEPd,Beckton Park,542709.6441,180866.6221,51.508718,0.055001051
518,BECu,Becontree,547570.9529,184521.9539,51.540312,0.12652477
9449,BDLt,Beddington Lane,529316.8409,167238.3021,51.389458,-0.14284825
9450,BGWt,Belgrave Walk,526828.1196,168440.345,51.400821,-0.17817137
5062,BGMr,Bellingham,537777.2977,172303.8221,51.432993,-0.019370436
5350,BLMr,Belmont,525549.6402,162074.382,51.343893,-0.1987802
519,BPKu,Belsize Park,527354.2891,185087.0278,51.550309,-0.1646188
5092,BVDr,Belvedere,549525.7464,179214.9812,51.492114,0.15244443
787,BERu,Bermondsey,534460.7077,179416.0271,51.4977,-0.064341128
5581,BRSr,Berrylands,519686.3981,168065.7431,51.39901,-0.28091616
6961,BETr,Bethnal Green LO,534713.42,182336.7999,51.523889,-0.059598
520,BNGu,Bethnal Green LU,535046.0556,182740.8586,51.52744,-0.054646273
5093,BXYr,Bexley,549383.1933,173437.2878,51.440235,0.14794647
5094,BXHr,Bexleyheath,548324.5627,175988.716,51.463443,0.13380428
5063,BKLr,Bickley,542307.2629,168763.974,51.400064,0.044333107
5401,BIKr,Birkbeck,535294.4567,168957.2835,51.403513,-0.056344195
9454,BKBt,Birkbeck Trams,535331.0449,168984.0928,51.403747,-0.055802306
521,BLFu,Blackfriars LU,531684.4536,180888.4593,51.511581,-0.10377383
5112,BFRr,Blackfriars NR,531730.9794,180721.936,51.510079,-0.10315891
5095,BKHr,Blackheath,539643.4526,176005.5788,51.465803,0.008915428
9459,BHLt,Blackhorse Lane,534383.0618,166871.5967,51.384993,-0.070221762
522,BHRu,Blackhorse Road,535771.2879,189356.8729,51.586719,-0.041649431
882,BLAd,Blackwall,538397.206,180660.9119,51.507939,-0.007187258
524,BDSu,Bond Street,528538.0237,181109.8646,51.5143,-0.14900232
525,BORu,Borough,532433.3649,179739.3851,51.501081,-0.093417925
526,BOSu,Boston Manor,516355.4736,178716.3998,51.495422,-0.32527838
527,BGRu,Bounds Green,529944.6317,191502.9913,51.607376,-0.12489941
851,BOCd,Bow Church,537383.8771,182842.55,51.527793,-0.02092468
528,BWRu,Bow Road,537118.7775,182731.2583,51.526851,-0.024785921
6027,BOPr,Bowes Park,530251.2222,191489.7345,51.607189,-0.12048793
529,BTXu,Brent Cross,523860.2472,187950.2551,51.576815,-0.21397678
5552,BFDr,Brentford,517461.7292,177872.7263,51.487617,-0.30961954
6872,BREr,Brentwood,559305.8987,193057.7261,51.613813,0.29946636
6810,BMDr,Brimsdown,536313.6411,197033.8079,51.655573,-0.030832267
778,BRXu,Brixton LU,531063.6236,175430.5801,51.462685,-0.11472696
5081,BRXr,Brixton NR,531160.3476,175454.514,51.462879,-0.11333695
5404,BCYr,Brockley,536418.9915,175787.0735,51.46462,-0.037552232
5096,BMNr,Bromley North,540383.1123,169641.1663,51.408424,0.017040094
5064,BMSr,Bromley South,540444.0569,168713.1345,51.40007,0.017549503
530,BBBu,Bromley-by-Bow,537990.4826,182507.2814,51.524626,-0.012325988
1437,BSYr,Brondesbury,524732.2208,184436.5209,51.545052,-0.20264484
1438,BSPr,Brondesbury Park,524204.8043,183915.3005,51.540477,-0.21042471
6074,BPKr,Brookmans Park,523988,204051,51.721484,-0.20642854
6812,BXBr,Broxbourne,537432.4755,207221.4457,51.746839,-0.010669685
6958,BCVr,Bruce Grove,533782.6604,190082.3615,51.593709,-0.070050864
531,BHLu,Buckhurst Hill,541777.137,193886.8257,51.625946,0.046814166
3176,BNMr,Burnham,493995.4357,181352.9107,51.523281,-0.64656778
532,BURu,Burnt Oak,520324.3564,190757.0707,51.602808,-0.26401769
6913,BHKr,Bush Hill Park,533683.947,195429.1707,51.641781,-0.069441126
1395,BSHr,Bushey,511827.1405,195328.9846,51.645649,-0.38519475
534,CRDu,Caledonian Road,530566.4546,184965.3637,51.548479,-0.11836521
1439,CIRr,Caledonian Road & Barnsbury,530806.3208,184408.1628,51.543418,-0.11511281
6962,CBHr,Cambridge Heath,534834.6701,183269.8262,51.532244,-0.057483706
1440,CMDr,Camden Road,529118.7124,184200.2039,51.541937,-0.13950246
535,CTNu,Camden Town,528904.8894,183915.3566,51.539424,-0.14269086
788,CWRu,Canada Water,535466.7962,179468.2716,51.497927,-0.049837696
842,CAWd,Canary Wharf DLR,537448.0472,180320.1679,51.505106,-0.020985671
852,CWFu,Canary Wharf LU,537616.4942,180146.2606,51.503501,-0.018634443
884,CNTu,Canning Town,539453.1556,181363.1512,51.513987,0.008296373
536,CSTu,Cannon Street LU,532615.1238,180889.9359,51.511382,-0.090364985
5142,CSTr,Cannon Street NR,532600.4411,180810.2445,51.510666,-0.090611071
1441,CNNr,Canonbury,532320.035,185015.0053,51.54852,-0.093065133
537,CPKu,Canons Park,518182.581,191285.0625,51.608006,-0.2947393
1442,CPKr,Carpenders Park,511848.7064,193356.1711,51.627912,-0.38550674
5405,CSHr,Carshalton,527737.7563,164874.8199,51.368579,-0.16637786
5406,CSBr,Carshalton Beeches,527562.6661,163604.0493,51.357195,-0.16934595
3098,CBPr,Castle Bar Park,515856.6927,181753.6796,51.522829,-0.33145169
5351,CATr,Caterham,534114.1497,155427.2693,51.282204,-0.078390472
5077,CTFr,Catford,537271.2355,173567.488,51.444465,-0.026155701
5047,CFBr,Catford Bridge,537356.3096,173583.2797,51.444588,-0.024927187
9488,TWRt,Centrale,532073.9706,165796.2618,51.375865,-0.1037835
6874,CTHr,Chadwell Heath,547597.5952,187594.8995,51.567916,0.12820235
7447,CFHr,Chafford Hundred,558921.3472,178774.5785,51.4856,0.28746357
539,CLFu,Chalfont & Latimer,499616.1828,197568.1143,51.668067,-0.5609759
540,CHFu,Chalk Farm,528143.567,184417.5766,51.544118,-0.15347473
541,CYLu,Chancery Lane,531069.4681,181598.3125,51.518105,-0.11236728
718,CHXu,Charing Cross LU,530124.6695,180445.5751,51.50797,-0.12638961
5143,CHXr,Charing Cross NR,530283.8446,180424.7933,51.507745,-0.12410761
5144,CTNr,Charlton,541141.1797,178389.1832,51.486845,0.031417414
5352,CHEr,Cheam,524422.4601,163355.8396,51.355662,-0.21451937
5098,CLDr,Chelsfield,546897.2366,164058.2419,51.356609,0.10832488
543,CHMu,Chesham,496075.7838,201646.2079,51.705338,-0.61102566
6814,CHNr,Cheshunt,536653.7468,202288.1629,51.702702,-0.023865928
5582,CSNr,Chessington North,518397.8647,164138.5672,51.363986,-0.30072984
5554,CSSr,Chessington South,517903.6986,163322.4912,51.356746,-0.30809286
544,CHGu,Chigwell,543803.9111,193020.3434,51.617641,0.075721515
6914,CHIr,Chingford,539162.4381,194535.2178,51.63242,0.009318562
5353,CHPr,Chipstead,527694.1544,158283.7498,51.309354,-0.16937095
5099,CITr,Chislehurst,543232.4729,169357.2595,51.40516,0.057860375
5583,CHKr,Chiswick,520356.3524,177220.7282,51.481149,-0.26818031
545,CHPu,Chiswick Park,520341.9842,178713.1162,51.494561,-0.26787374
546,CWDu,Chorleywood,502597.5871,196081.2409,51.654166,-0.51830823
9460,CSTt,Church Street,532048.8146,165549.5931,51.37366,-0.10423381
5121,CTKr,City Thameslink,531690.0091,181306.4182,51.515336,-0.10353141
547,CPCu,Clapham Common,529493.6388,175322.8624,51.462076,-0.13735368
5301,CLPr,Clapham High Street,529834.3994,175711.0443,51.465485,-0.13231989
5595,CLJr,Clapham Junction,527183.613,175529.9199,51.46446,-0.17051283
548,CPNu,Clapham North,530001.682,175675.1208,51.465123,-0.129916
549,CPSu,Clapham South,528808.031,174269.7661,51.452769,-0.14760609
6926,CPTr,Clapton,534795.0386,186541.5963,51.561657,-0.056807628
5048,CLKr,Clock House,536385.9112,169560.9502,51.40868,-0.040422931
550,CFSu,Cockfosters,528185.8241,196353.2557,51.651364,-0.14851248
551,COLu,Colindale,521319.3134,189957.4969,51.595405,-0.24993432
552,CLWu,Colliers Wood,526801.2219,170381.3805,51.418271,-0.17786595
9464,COOt,Coombe Lane,535162.7149,164091.3224,51.359816,-0.060076256
5408,CDSr,Coulsdon South,529865.1832,159055.9884,51.315802,-0.13796045
5382,CDNr,Coulsdon Town,530066.4481,159752.2772,51.322011,-0.13482425
553,COVu,Covent Garden,530256.5102,181019.0657,51.513089,-0.1242772
5100,CRYr,Crayford,551470.9144,174384.5315,51.448199,0.178371
6007,CWHr,Crews Hill,530943.7238,200138.6371,51.684751,-0.1072521
1519,CRIr,Cricklewood,524023.4008,185930.2032,51.558626,-0.21233798
5078,CFTr,Crofton Park,536510.5808,174742.3279,51.455208,-0.036631723
854,CROd,Crossharbour,537929.8923,179308.8444,51.495904,-0.014440215
7406,CRHr,Crouch Hill,530622.0386,187534.5086,51.571561,-0.1166041
554,CRXu,Croxley,507955.9687,195460.0465,51.647582,-0.44107809
5356,CYPr,Crystal Palace,534214.7075,170502.6568,51.417663,-0.071262292
6008,CUFr,Cuffley,530697.7552,202847.3873,51.709143,-0.10979473
887,CUHd,Custom House,540688.3388,180912.2029,51.509629,0.025902514
879,CUSd,Cutty Sark,538233.0298,177744.9518,51.481775,-0.010690036
893,CYPd,Cyprus,543337.4065,180851.5925,51.508425,0.064023485
7440,DDKr,Dagenham Dock,549003.2762,182973.8085,51.526027,0.14650368
555,DGEu,Dagenham East,550223.2744,185012.3233,51.544015,0.16494548
556,DGHu,Dagenham Heathway,548892.2883,184698.8026,51.541555,0.1456336
1443,DLJr,Dalston Junction,533584.1839,184688.0278,51.545284,-0.074970687
1429,DLKr,Dalston Kingsland,533481.174,185009.1434,51.548193,-0.076333489
5101,DFDr,Dartford,554304.6951,174383.4295,51.447416,0.21912057
557,DEBu,Debden,544260.5517,196109.1324,51.64528,0.083589394
5421,DMKr,Denmark Hill,532793.6333,176071.9932,51.468043,-0.089597847
5145,DEPr,Deptford,537134.2394,177404.447,51.478978,-0.026638945
897,DEBd,Deptford Bridge,537443.2663,176876.5599,51.474168,-0.022396988
867,DERd,Devons Road,537654.2463,182231.5781,51.522237,-0.01727351
558,DHLu,Dollis Hill,522191.1926,185144.1134,51.551962,-0.23902424
3099,DRGr,Drayton Green,515963.523,181045.4272,51.516434,-0.3301432
6000,DYPr,Drayton Park,531425.9584,185502.1315,51.553105,-0.10576908
9468,DDRt,Dundonald Road,524721.2958,170269.3903,51.417726,-0.20780192
560,EBYu,Ealing Broadway,518030.9628,180930.7945,51.514982,-0.30040612
561,ECMu,Ealing Common,518894.0054,180364.58,51.509714,-0.28816576
562,ECTu,Earl's Court,525484.8141,178509.164,51.491611,-0.19390041
5584,EADr,Earlsfield,526051.2864,173047.6005,51.442407,-0.1876977
5414,ELDr,Earlswood,527815.3483,149203.8398,51.227723,-0.17087895
563,EACu,East Acton,521651.3982,181279.2914,51.517343,-0.24814286
5355,ECRr,East Croydon,532843.2027,165813.7542,51.375847,-0.092734544
9470,ECRt,East Croydon Trams,532845.9542,165705.2984,51.374867,-0.09273218
5358,EDWr,East Dulwich,533452.506,175367.8514,51.461562,-0.080381664
565,EFYu,East Finchley,527237.5641,189187.8438,51.587189,-0.16480738
566,EHMu,East Ham,542447.9577,184274.2674,51.539398,0.052604675
883,EAId,East India,538739.5755,180831.1302,51.509382,-0.002181264
567,EPYu,East Putney,524370.7224,174810.0432,51.458613,-0.21123895
564,ETEu,Eastcote,511175.3655,187631.376,51.57659,-0.39705282
5056,EDNr,Eden Park,537418.7564,167530.0666,51.390179,-0.026365653
568,EDGu,Edgware,519539.1103,191947.3993,51.613669,-0.27494156
774,ERBu,Edgware Road (Bak),527043.187,181757.555,51.520462,-0.17030186
569,ERDu,Edgware Road (DIS),527303.1535,181741.5511,51.520259,-0.16656227
6941,EDRr,Edmonton Green,534303.653,193559.8191,51.624839,-0.061202947
570,ELEu,Elephant & Castle LU,531954.2662,179037.4509,51.494884,-0.10057713
5246,EPHr,Elephant & Castle NR,531954.2662,179037.4509,51.494884,-0.10057713
571,EPKu,Elm Park,552456.7947,185697.8629,51.54958,0.19743329
5049,ELEr,Elmers End,535772.2218,168357.5285,51.398016,-0.049705532
9471,ELMt,Elmers End Trams,535783.4785,168395.4292,51.398346,-0.049533364
5135,ESDr,Elmstead Woods,542277.6381,170625.4033,51.416794,0.044662413
1542,ELSr,Elstree & Borehamwood,519120.5404,196239.4081,51.652331,-0.27951672
5103,ELWr,Eltham,542686.0363,174954.241,51.455591,0.052268555
898,ELRd,Elverson Road,537889.8524,176260.9398,51.468524,-0.016205079
542,EMBu,Embankment,530415.0516,180369.326,51.507211,-0.12224179
7473,EMPr,Emerson Park,553976.8164,187865.644,51.568646,0.22028668
6010,ENCr,Enfield Chase,532170.1942,196597.4169,51.652635,-0.090866889
6815,ENLr,Enfield Lock,536424.3156,198741.2324,51.670885,-0.028577378
6959,ENFr,Enfield Town,533015.4304,196516.8894,51.651717,-0.078690102
572,EPPu,Epping,546208.4555,201546.2586,51.69363,0.11398208
5360,EPSr,Epsom,520646.334,160894.4685,51.334349,-0.26955448
5361,EPDr,Epsom Downs,522814.2116,159785.8108,51.323927,-0.2388308
5104,ERHr,Erith,551140.0434,178090.1665,51.481577,0.17519408
6004,EXRr,Essex Road,532117.6653,184132.199,51.540632,-0.096307878
574,EUSu,Euston LU,529547.9752,182691.9835,51.528287,-0.13387416
1444,EUSr,Euston NR,529520.1105,182749.3035,51.528805,-0.13425663
575,ESQu,Euston Square,529437.7156,182399.8659,51.525688,-0.13556618
5415,EWEr,Ewell East,522585.8261,162157.8191,51.345294,-0.24128567
5586,EWWr,Ewell West,521469.7632,162667.3599,51.350108,-0.25712775
576,FLPu,Fairlop,544939.6995,190638.0483,51.595947,0.091134489
5137,FCNr,Falconwood,544571.4741,175390.1831,51.459031,0.079558079
577,FARu,Farringdon,531588.6906,181836.1468,51.520123,-0.10478842
5559,FELr,Feltham,510569.262,173292.7699,51.44784,-0.41028632
7490,FSTr,Fenchurch Street,533513.4542,180907.5474,51.511332,-0.077425496
9472,FLWt,Fieldway,537689.2337,163173.8736,51.35097,-0.02417353
578,FYCu,Finchley Central,525294.6941,190658.0447,51.600835,-0.19231363
579,FRDu,Finchley Road,526247.8456,184716.8743,51.547232,-0.18069416
1445,FNYr,Finchley Road & Frognal,526067.9053,185045.9891,51.550229,-0.18317086
580,FPKu,Finsbury Park LU,531347.4891,186805.1967,51.564833,-0.10642155
6119,FPKr,Finsbury Park NR,531347.4891,186805.1967,51.564833,-0.10642155
6876,FOGr,Forest Gate,540384.2265,185313.0101,51.549251,0.023277505
5362,FOHr,Forest Hill,535414.7488,172936.0628,51.439241,-0.053086737
581,FBYu,Fulham Broadway,525483.2576,177315.3033,51.480881,-0.19435314
5587,FLWr,Fulwell,514815.3716,171819.062,51.433748,-0.34969009
894,GARd,Gallions Reach,543874.4951,180927.0214,51.508962,0.071786536
582,GHLu,Gants Hill,543212.1634,188432.8521,51.576576,0.065305777
5416,GTWr,Gatwick Airport,528700.9352,141326.1344,51.156722,-0.16101795
9473,GSTt,George Street,532418.7203,165586.3548,51.373897,-0.098907742
6877,GDPr,Gidea Park,552924.9751,189268.0527,51.581529,0.20572971
5363,GIPr,Gipsy Hill,533267.9431,171261.7406,51.424707,-0.08458761
583,GRDu,Gloucester Road,526180.6027,178848.8561,51.494512,-0.18375915
584,GGRu,Golders Green,525254.7258,187481.842,51.572302,-0.19402301
585,GHRu,Goldhawk Road,523190.0077,179581.7996,51.501758,-0.22656627
586,GSTu,Goodge Street,529536.2866,181836.1168,51.520597,-0.1343615
6878,GMYr,Goodmayes,546487.5344,187321.4049,51.565743,0.11208452
6028,GDHr,Gordon Hill,531885.73,197763.2492,51.663179,-0.094530219
1409,GPOr,Gospel Oak,528243.6383,185685.5728,51.55549,-0.15157166
587,GRHu,Grange Hill,544980.0228,192551.9142,51.613135,0.09250218
6029,GPKr,Grange Park,531776.9202,195551.217,51.643327,-0.096938055
9474,GVHt,Gravel Hill,536372.8653,163539.5859,51.354576,-0.042919234
7443,GRYr,Grays,561343.4142,177823.3564,51.476362,0.32188125
588,GPSu,Great Portland Street,528878.7267,182177.3455,51.523811,-0.14370101
590,GPKu,Green Park,528982.297,180266.549,51.506623,-0.14291544
589,GFDu,Greenford,514843.8942,183891.8173,51.542251,-0.34534974
928,GREd,Greenwich,537918.3767,177328.96,51.478114,-0.015385732
5139,GRPr,Grove Park,540700.5834,172107.3967,51.430505,0.022587305
591,GUNu,Gunnersbury,519819.2645,178346.2231,51.491374,-0.27552831
5364,HCBr,Hackbridge,528595.9531,165948.3496,51.378028,-0.15367128
6977,HKCr,Hackney Central,534840.937,184922.4321,51.547088,-0.056764984
6867,HACr,Hackney Downs,534571.4007,185075.1453,51.548527,-0.060597957
6978,HKWr,Hackney Wick,537105.3464,184574.64,51.543425,-0.024270178
6075,HDWr,Hadley Wood,526224.2396,198224.7288,51.66863,-0.17618159
1022,HGGr,Haggerston,533575.3355,183934.9062,51.538519,-0.075385925
592,HAIu,Hainault,545070.6559,191461.8689,51.603317,0.093364894
593,HMDu,Hammersmith (DIS),523442.6182,178517.8862,51.492141,-0.22329499
773,HMSu,Hammersmith (H&C),523325.2111,178668.8021,51.493524,-0.2249411
594,HMPu,Hampstead,526379.3865,185762.4052,51.556594,-0.17843084
1413,HDHr,Hampstead Heath,527288.9018,185633.9272,51.555239,-0.16535798
5560,HMPr,Hampton,513297.5737,169800.1884,51.415906,-0.37214866
5561,HMCr,Hampton Court,515393.1697,168301.5208,51.40202,-0.34252261
5589,HMWr,Hampton Wick,517459.6032,169744.1604,51.414557,-0.31234448
595,HLNu,Hanger Lane,518460.353,182646.4424,51.530306,-0.29365056
3191,HANr,Hanwell,515382.1364,180506.9528,51.511718,-0.33870298
596,HARu,Harlesden,520928.3417,183377.4275,51.536353,-0.2578381
6879,HROr,Harold Wood,554764.6526,190580.6056,51.592824,0.23284276
1543,HPDr,Harpenden,513589,214250,51.815347,-0.35357299
6012,HGYr,Harringay,531384.5266,188203.1501,51.577387,-0.10535135
7401,HRYr,Harringay Green Lanes,531904.5216,188203.1196,51.577266,-0.097851571
9475,HRDt,Harrington Road,535017.5962,168521.226,51.399661,-0.060475411
597,HAWu,Harrow & Wealdstone,515443.8583,189465.1707,51.592216,-0.33487284
598,HOHu,Harrow-on-the-Hill,515353.2275,188022.4905,51.579266,-0.33665957
1398,HTEr,Hatch End,513051.9803,191342.829,51.60958,-0.36878329
6070,HATr,Hatfield,523088,208751,51.76392,-0.21778966
779,HTXu,Hatton Cross,509571.7307,175351.521,51.46654,-0.4239902
5289,HYRr,Haydons Road,526016.5726,171155.3576,51.425402,-0.18885961
3186,HAYr,Hayes & Harlington,509827.5659,179408.7502,51.502955,-0.4190458
5050,HYSr,Hayes (Kent),540030.9365,166059.029,51.376323,0.010570674
1434,HDLr,Headstone Lane,513888.7534,190579.9623,51.602554,-0.35694886
7091,HAFr,Heathrow Terminal 4 EL,508060.8713,174490.7712,51.459091,-0.4459968
781,HRFu,Heathrow Terminal 4 LU,508098.1435,174460.4102,51.458806,-0.44547392
9846,HWVr,Heathrow Terminal 5 EL,505131.9273,175890.5055,51.472226,-0.48772393
783,HRVu,Heathrow Terminal 5 LU,505130.698,175923.1223,51.472514,-0.48772882
780,HRCu,Heathrow Terminals 123 LU,507581.61,175843.7743,51.471344,-0.45247734
7090,HXXr,Heathrow Terminals 2 & 3 EL,507453.2182,175906.3261,51.471925,-0.45431507
1522,HENr,Hendon,522125.2953,188286.4621,51.580213,-0.23888495
601,HNDu,Hendon Central,522970.7484,188661.0956,51.5834,-0.22655053
5066,HNHr,Herne Hill,531954.9145,174428.4423,51.453465,-0.10228246
855,HEQd,Heron Quays,537413.3191,180078.813,51.502949,-0.021583448
6818,HFEr,Hertford East,533000.3976,212928.725,51.799199,-0.072644283
6085,HFNr,Hertford North,531649.5551,212903.0709,51.799285,-0.092220006
602,HBTu,High Barnet,525050.1037,196167.1434,51.650398,-0.19388418
605,HSTu,High Street Kensington,525585.4528,179478.2895,51.500297,-0.19211625
6919,HIPr,Highams Park,538583.9688,191926.6151,51.609128,-5.80234E-05
603,HBYu,Highbury & Islington,531592.0229,184756.5956,51.546372,-0.10365461
604,HIGu,Highgate,528579.3395,188163.9532,51.577683,-0.14583651
606,HDNu,Hillingdon,507528.1881,184994.8193,51.553604,-0.45046638
5107,HGRr,Hither Green,539032.9342,174391.4675,51.45144,-0.000494763
607,HOLu,Holborn,530537.7187,181474.1814,51.517113,-0.12006174
608,HPKu,Holland Park,524635.5956,180221.7219,51.507193,-0.2055184
609,HRDu,Holloway Road,530924.7338,185462.5912,51.552871,-0.11300554
6979,HMNr,Homerton,535797.7893,184946.151,51.547074,-0.042962847
5418,HPAr,Honor Oak Park,535918.4558,174148.9431,51.450021,-0.04538886
5365,HORr,Horley,528672.0783,142668.1446,51.16879,-0.1609528
610,HCHu,Hornchurch,553875.9293,186218.8176,51.553876,0.21811027
6015,HRNr,Hornsey,530920.6125,189185.2022,51.58632,-0.11167771
5563,HOUr,Hounslow,513907.6536,174952.8608,51.462099,-0.3617244
611,HNCu,Hounslow Central,513571.9458,175970.0341,51.471307,-0.36623246
612,HNEu,Hounslow East,514248.2475,176196.0637,51.473202,-0.35643101
613,HNWu,Hounslow West,512206.1557,176192.8874,51.473583,-0.38582033
1023,HOXr,Hoxton,533563.7129,183130.3794,51.531288,-0.075849533
614,HPCu,Hyde Park Corner,528201.1483,179813.6194,51.50273,-0.15432692
615,ICKu,Ickenham,508071.7341,185892.7612,51.561572,-0.44234742
6881,IFDr,Ilford,543517.3151,186478.6616,51.558941,0.068906869
9586,IMWr,Imperial Wharf,526292.3432,176692.1232,51.475102,-0.18293181
856,ISGd,Island Gardens,538228.056,178443.9326,51.488058,-0.010488606
5592,ISLr,Isleworth,515608.8826,176414.7736,51.474894,-0.33677236
3170,IVRr,Iver,503723.1973,179907.7705,51.508592,-0.5068239
5419,KLYr,Kenley,532425.6696,160120.1972,51.324774,-0.10083936
616,KENu,Kennington,531604.6885,178293.7059,51.488289,-0.10587833
617,KGNu,Kensal Green,523259.3976,182793.6194,51.53061,-0.22445052
1448,KNRr,Kensal Rise,523549.7498,183230.5577,51.534474,-0.22010437
618,OLYu,Kensington (Olympia),524386.5489,179130.3067,51.497434,-0.20948904
5080,KTHr,Kent House,536081.2306,169927.8697,51.412051,-0.04466479
619,KTNu,Kentish Town,529139.8934,185118.0259,51.550182,-0.1388632
1449,KTWr,Kentish Town West,528605.9374,184717.6399,51.546709,-0.14670659
620,KETu,Kenton,516734.4734,188305.0372,51.581525,-0.31664467
5593,KWBr,Kew Bridge,519011.8721,178118.834,51.489504,-0.28722313
621,KEWu,Kew Gardens,519201.1954,176747.0933,51.477133,-0.28496487
5108,KDBr,Kidbrooke,540944.3449,175626.3614,51.462066,0.027480768
622,KILu,Kilburn,524539.9397,184647.7794,51.546991,-0.20533758
1415,KBNr,Kilburn High Road,525538.6039,183642.7371,51.537738,-0.19129632
623,KPKu,Kilburn Park,525333.0152,183341.0949,51.53507,-0.19437238
523,KGVd,King George V,543241.1659,180134.9832,51.502006,0.062350192
9476,KHDt,King Henry's Drive,537980.2289,162559.4089,51.345373,-0.020235669
6121,KGXr,King's Cross,530238.5181,183128.5668,51.532055,-0.12375722
625,KXXu,King's Cross St. Pancras,530222.9131,182928.3801,51.530252,-0.12406202
624,KBYu,Kingsbury,519354.6947,188676.6885,51.58432,-0.27870922
5565,KNGr,Kingston,518184.6076,169567.3634,51.412815,-0.30198301
5366,KNDr,Kingswood,524831.3578,156585.696,51.294729,-0.21101785
626,KNBu,Knightsbridge,527753.0939,179694.2049,51.501753,-0.16082135
5109,KCKr,Knockholt,548498.8367,162897.8572,51.34577,0.13083188
627,LGRu,Ladbroke Grove,524221.1506,181332.4224,51.51726,-0.21110424
5057,LADr,Ladywell,537720.1597,174865.593,51.456029,-0.019193865
628,LAMu,Lambeth North,531123.8301,179455.0582,51.498834,-0.1123712
629,LANu,Lancaster Gate,526733.4605,180791.567,51.51185,-0.1751145
853,LAPd,Langdon Park,537893.9141,181462.6523,51.515268,-0.014117053
3171,LNYr,Langley,501292.6819,179777.4582,51.507855,-0.54186358
630,LATu,Latimer Road,523767.5722,180899.7502,51.513477,-0.21778108
6927,LEBr,Lea Bridge,536142.6192,187152.6829,51.566824,-0.037136813
9477,LEBt,Lebanon Road,533401.7315,165757.5305,51.375213,-0.084728794
5110,LEEr,Lee,540080.4463,174224.0895,51.449682,0.01449712
631,LSQu,Leicester Square,529984.982,180831.2229,51.511462,-0.12826395
940,LEWd,Lewisham DLR,538122.7835,175873.8706,51.464989,-0.013003861
5051,LEWr,Lewisham NR,538051.7888,175943.7444,51.465636,-0.013997988
632,LEYu,Leyton,538391.3922,186100.4025,51.556815,-0.005138038
7402,LEMr,Leyton Midland Road,538221.8989,187498.3534,51.569419,-0.007025008
633,LYSu,Leytonstone,539307.838,187459.1816,51.568801,0.008618837
7403,LERr,Leytonstone High Road,539318.7225,186872.5344,51.563533,0.008545358
862,LIMd,Limehouse DLR,536143.9081,181091.0973,51.51235,-0.039464941
7491,LHSr,Limehouse NR,536171.5425,181149.7155,51.512873,-0.039038927
634,LSTu,Liverpool Street LU,533151.3993,181604.939,51.517681,-0.082375854
6965,LSTr,Liverpool Street NR,533191.7342,181646.3349,51.51804,-0.081769824
9478,LPKt,Lloyd Park,533722.6769,164541.5921,51.36421,-0.080576634
635,LONu,London Bridge LU,532943.8222,180191.9136,51.505032,-0.085889734
5148,LBGr,London Bridge NR,532943.8222,180191.9136,51.505032,-0.085889734
533,LCAd,London City Airport,542269.3169,180284.4824,51.50359,0.048415817
6966,LOFr,London Fields,534787.9634,184256.0629,51.541116,-0.057783723
5082,LGJr,Loughborough Junction,531925.527,175843.3902,51.466188,-0.10217217
636,LTNu,Loughton,542316.5525,195602.1886,51.641219,0.05530656
5053,LSYr,Lower Sydenham,536831.0526,171341.0427,51.424568,-0.033342299
3645,LTNr,Luton Airport Parkway,510515.2404,220579.1301,51.872844,-0.39612796
637,MDVu,Maida Vale,525942.7266,182768.9244,51.529793,-0.18578666
3147,MAIr,Maidenhead,488724.0573,180705.0486,51.518308,-0.72268496
5599,MALr,Malden Manor,521092.0173,166509.6355,51.384728,-0.26124525
638,MNRu,Manor House,532025.8826,187433.32,51.570318,-0.096395553
6883,MNPr,Manor Park,541883.3063,185682.8459,51.552201,0.045031021
639,MANu,Mansion House,532276.4422,180937.9951,51.511893,-0.095229192
640,MARu,Marble Arch,527898.5545,180997.5898,51.513439,-0.15824656
6970,MYLr,Maryland,539190.5095,184924.2597,51.546051,0.00592924
641,MYBu,Marylebone LU,527509.6097,181967.1734,51.522235,-0.16349907
1475,MYBr,Marylebone NR,527510.6141,182193.497,51.524265,-0.16340295
5149,MZHr,Maze Hill,539217.9496,177864.7992,51.482612,0.003532978
6599,MRWr,Meridian Water,535109.7665,191933.9903,51.610035,-0.050192853
5475,MHMr,Merstham,529166.1625,153293.0821,51.264168,-0.15006738
9479,MPKt,Merton Park,525195.5771,169825.9845,51.41364,-0.20113094
642,MLEu,Mile End,536523.5802,182546.5538,51.525342,-0.033428806
1527,MILr,Mill Hill Broadway,521346.65,191875.8218,51.612645,-0.24886691
643,MHEu,Mill Hill East,524039.8432,191454.9379,51.608275,-0.21014284
9480,MTMt,Mitcham,527325.3636,168086.534,51.397538,-0.17115718
5069,MTCr,Mitcham Eastfields,528430.2401,169211.5778,51.407399,-0.15487532
5427,MIJr,Mitcham Junction,528268.5637,167599.5814,51.392949,-0.15777101
9481,MTJt,Mitcham Junction Trams,528293.704,167571.4939,51.392682,-0.15742235
646,MPKu,Moor Park,508615.6408,193493.3652,51.629776,-0.43215255
645,MGTu,Moorgate,532685.4274,181656.3007,51.518249,-0.089068795
647,MORu,Morden,525669.1524,168627.2009,51.40276,-0.19475749
9482,MRDt,Morden Road,525794.1668,169307.8167,51.408852,-0.19272016
5291,MDSr,Morden South,525376.5712,167831.8245,51.395679,-0.1992337
648,MCRu,Mornington Crescent,529239.1075,183326.6562,51.534064,-0.13809325
5600,MTLr,Mortlake,520476.5189,175768.4324,51.468065,-0.26693365
5645,MOTr,Motspur Park,522570.5079,167674.2842,51.394872,-0.23960065
5118,MTGr,Mottingham,542573.4853,173243.7134,51.440254,0.049954911
857,MUDd,Mudchute,537910.3698,178820.5156,51.491523,-0.014918661
649,NEAu,Neasden,521371.8244,185388.5296,51.55434,-0.25074633
9484,NADt,New Addington,538182.1837,162263.5167,51.342673,-0.017451574
6018,NBAr,New Barnet,526505.2528,196023.6553,51.648787,-0.17291625
5058,NBCr,New Beckenham,536724.1179,170489.203,51.416938,-0.035208698
5150,NWXr,New Cross,536726.224,177102.8202,51.476372,-0.03262688
5345,NXGr,New Cross Gate,536203.0053,176939.927,51.475034,-0.040215775
5119,NEHr,New Eltham,544038.8913,173035.8828,51.438015,0.070948484
5567,NEMr,New Malden,521422.8352,168657.9075,51.403962,-0.25575693
6019,NSGr,New Southgate,528670.518,192207.7418,51.614004,-0.14302787
650,NEPu,Newbury Park,544924.3102,188361.7683,51.575501,0.089964896
5568,NBTr,Norbiton,519430.0885,169539.0142,51.412303,-0.2840989
5428,NRBr,Norbury,530718.8556,169711.9475,51.41137,-0.12179973
653,NACu,North Acton,520854.978,181943.8439,51.52349,-0.25938136
5429,NDLr,North Dulwich,532922.3575,174532.519,51.454183,-0.088334188
654,NELu,North Ealing,518833.0827,181228.5641,51.517492,-0.28875337
789,NOGu,North Greenwich,539217.9592,179863.8483,51.500575,0.004320721
656,NHRu,North Harrow,513501.0421,188636.2175,51.58516,-0.3631769
5601,NSHr,North Sheen,519119.4187,175431.1957,51.465323,-0.28658822
659,NWBu,North Wembley,517668.4179,186198.7811,51.562404,-0.30387578
655,NFDu,Northfields,517197.8867,179207.426,51.499661,-0.31297754
657,NHTu,Northolt,513152.2214,184544.6685,51.548461,-0.36952781
1478,NLTr,Northolt Park,513840.249,185568.3843,51.557517,-0.35927914
6971,NUMr,Northumberland Park,534874.1957,191027.1431,51.601941,-0.053947505
660,NWPu,Northwick Park,516668.6645,187965.8855,51.578492,-0.31769485
661,NWDu,Northwood,509246.0377,191394.8838,51.610798,-0.42370773
662,NWHu,Northwood Hills,510327.7019,190234.158,51.600152,-0.40845327
5376,NWDr,Norwood Junction,534035.9195,168217.8735,51.397171,-0.074697622
663,NHGu,Notting Hill Gate,525278.0656,180430.5044,51.50893,-0.1961986
5068,NHDr,Nunhead,535382.8323,176005.7525,51.466837,-0.052373019
6020,OKLr,Oakleigh Park,526994.6608,194808.2415,51.637749,-0.16627872
664,OAKu,Oakwood,529391.2948,195934.857,51.647332,-0.13125903
7451,OCKr,Ockendon,558986.1879,182790.9856,51.521663,0.29020757
665,OLDu,Old Street,532764.8016,182479.2573,51.525626,-0.087606665
5122,ORPr,Orpington,545478.2002,165908.6705,51.373607,0.088716735
667,OSTu,Osterley,514521.8712,177095.7701,51.481236,-0.3521962
668,OVLu,Oval,531171.0704,177564.5254,51.481838,-0.11239616
669,OXCu,Oxford Circus,529089.9319,181221.9768,51.515181,-0.14101084
3087,PADr,Paddington NR,526553.2067,181390.7772,51.517273,-0.17749212
670,PADu,Paddington TfL,526740.422,181235.9995,51.515838,-0.1748542
6021,PALr,Palmers Green,530910.515,192751.3128,51.618367,-0.11049214
671,PRYu,Park Royal,519143.9984,182231.1934,51.526432,-0.28393487
672,PGRu,Parsons Green,525025.9248,176681.2501,51.475284,-0.20115493
5423,PMRr,Peckham Rye,534159.068,176305.8759,51.469824,-0.069869557
5072,PNEr,Penge East,535400.8984,170718.2504,51.419313,-0.054135061
5378,PNWr,Penge West,534949.7914,170505.9447,51.417515,-0.060697707
673,PERu,Perivale,516437.014,183287.8796,51.536496,-0.32258889
5123,PETr,Petts Wood,544445.5746,167551.1482,51.388625,0.074567423
9485,PHLt,Phipps Bridge,526546.9581,168709.6165,51.403311,-0.18211249
674,PICu,Piccadilly Circus,529553.583,180637.1592,51.509818,-0.13454248
776,PIMu,Pimlico,529681.3772,178344.7338,51.489191,-0.13355516
675,PINu,Pinner,512273.0481,189443.0243,51.592659,-0.38063573
676,PLWu,Plaistow,539982.2997,183288.0026,51.531154,0.016678955
5208,PLUr,Plumstead,544783.4978,178816.7206,51.489771,0.084010523
6819,PONr,Ponders End,536078.9952,195622.7145,51.642951,-0.034775747
538,PDKd,Pontoon Dock,541218.7793,180105.5625,51.502254,0.033226526
858,POPd,Poplar,537707.6405,180614.6391,51.507693,-0.017126809
6022,PBRr,Potters Bar,525027.7312,201381.3058,51.697259,-0.19233735
677,PRDu,Preston Road,518201.6178,187309.5478,51.572277,-0.29580246
888,PRRd,Prince Regent,541191.5164,180909.1529,51.509476,0.033158977
859,PMLd,Pudding Mill Lane,537871.1567,183522.4128,51.533776,-0.013643246
7453,PFLr,Purfleet,555417.8781,178161.4822,51.481056,0.23678352
5379,PURr,Purley,531477.754,161510.1722,51.337485,-0.11392436
5430,PUOr,Purley Oaks,532510.1463,162599.249,51.347033,-0.098713018
5603,PUTr,Putney,523987.4791,175082.9334,51.461151,-0.21666759
678,PUTu,Putney Bridge,524513.4862,175891.4295,51.468297,-0.20881577
680,QPKu,Queen's Park,524564.8105,183188.9572,51.533873,-0.20549308
5424,QRPr,Queens Road Peckham,535017.6531,176757.0859,51.473673,-0.057337768
679,QBYu,Queensbury,518811.6264,189762.4715,51.594186,-0.28617579
5596,QRBr,Queenstown Road (Battersea),528836.011,176768.4675,51.475212,-0.14629385
681,QWYu,Queensway,525895.2785,180620.1398,51.510491,-0.18724529
1546,RDTr,Radlett,516441.5596,199856.1021,51.685399,-0.31701889
7454,RNMr,Rainham (Essex),552094.2025,182029.8397,51.516722,0.19061903
5083,RVBr,Ravensbourne,538649.562,170248.9333,51.414314,-0.007623206
682,RCPu,Ravenscourt Park,522570.052,178718.1547,51.494128,-0.23579403
683,RAYu,Rayners Lane,512951.3931,187516.7747,51.575213,-0.37147142
5569,RAYr,Raynes Park,523163.4868,169256.4666,51.408962,-0.23054718
3149,RDGr,Reading,471495.3701,173858.4423,51.459193,-0.97232904
6967,RECr,Rectory Road,533999.9658,186184.4082,51.558629,-0.068405789
684,REDu,Redbridge,541834.228,188365.8364,51.576322,0.045406451
5478,RDHr,Redhill,528150.9428,150584.4581,51.24005,-0.16557637
5431,RHMr,Reedham,530835.2525,160786.0415,51.331127,-0.12341546
9486,RVCt,Reeves Corner,531905.2244,165673.5151,51.374807,-0.10625547
685,RPKu,Regent's Park,528675.9353,182151.4077,51.523624,-0.14663494
686,RMDu,Richmond,518164.2018,175173.3341,51.463204,-0.30041574
687,RKYu,Rickmansworth,505736.6987,194590.0406,51.640184,-0.47340019
5432,RDDr,Riddlesdown,532481.6166,161029.5904,51.332939,-0.099698074
688,RODu,Roding Valley,541592.8561,192895.3386,51.617078,0.043757213
6886,RMFr,Romford,551377.8963,188499.9907,51.575046,0.18308907
1039,ROEr,Rotherhithe,535314.9811,179781.1905,51.500776,-0.051906127
890,ROAd,Royal Albert,542078.3481,180813.3887,51.508392,0.045878705
690,ROYu,Royal Oak,525857.7198,181568.3426,51.519019,-0.18744001
886,ROVd,Royal Victoria,540113.1703,180837.5539,51.509107,0.017592999
691,RUIu,Ruislip,509504.7101,187017.4786,51.571398,-0.42133349
692,RUGu,Ruislip Gardens,510284.7999,185836.2668,51.560632,-0.41045362
693,RUMu,Ruislip Manor,510160.8648,187253.6167,51.573401,-0.41179766
694,RSQu,Russell Square,530230.0209,182112.3471,51.522918,-0.12426256
6820,RYHr,Rye House,538481.3521,209756.1823,51.769359,0.005524401
5380,SAFr,Salfords,528487.1995,146334.806,51.201788,-0.16228711
5433,SNRr,Sanderstead,532871.9518,162759.8965,51.348395,-0.093458196
9487,SANt,Sandilands,533888.6446,165743.121,51.374964,-0.077741669
5434,SRSr,Selhurst,533079.5548,167641.3676,51.39221,-0.088647469
6893,SVKr,Seven Kings,545440.2092,187086.3611,51.563903,0.096878109
698,SVSu,Seven Sisters,533477.7788,188823.7215,51.582476,-0.074929229
860,SHAd,Shadwell DLR,535031.3921,180994.2565,51.511745,-0.055531171
1082,SDEr,Shadwell LO,534935.8063,180936.4222,51.511246,-0.056921498
6888,SNFr,Shenfield,561342.7138,195007.4339,51.630743,0.3297577
700,SBCu,Shepherd's Bush LU,523754.9371,179884.955,51.504358,-0.2183242
775,SBMu,Shepherd's Bush Market,523197.6444,180062.2038,51.50607,-0.22628358
9587,SPBr,Shepherd's Bush NR,523796.7632,179976.158,51.505167,-0.21768747
1024,SDCr,Shoreditch High Street,533641.7951,182238.9555,51.523263,-0.075063457
5084,SRTr,Shortlands,539356.3739,169332.5221,51.405909,0.00216269
5125,SIDr,Sidcup,546309.1515,172656.2125,51.434019,0.10342741
6972,SLVr,Silver Street,533927.6181,192452.4007,51.614972,-0.067054567
5154,SGRr,Slade Green,552235.76,176575.2397,51.467671,0.19031312
702,SSQu,Sloane Square,528105.0353,178647.3796,51.492264,-0.15613257
3172,SLOr,Slough,497859.3085,180178.7705,51.512073,-0.59121621
703,SNBu,Snaresbrook,540164.9121,188839.8352,51.580998,0.021526408
1452,SATr,South Acton,520187.9239,179283.646,51.499726,-0.26989671
5425,SBMr,South Bermondsey,535175.904,178350.0931,51.48795,-0.05445508
5410,SCYr,South Croydon,532842.7221,164373.9221,51.362906,-0.093272208
704,SELu,South Ealing,517562.4995,179349.0932,51.500862,-0.30768875
3138,SGNr,South Greenford,515483.5613,182909.297,51.533286,-0.3364473
1451,SOHr,South Hampstead,526399.2562,184068.979,51.541375,-0.17875021
707,SHRu,South Harrow,514311.3941,186372.3855,51.564648,-0.35222693
708,SKNu,South Kensington,526926.0832,178816.1099,51.494048,-0.17304516
709,SKTu,South Kenton,517320.3961,187078.0492,51.570376,-0.30860066
5292,SMOr,South Merton,524915.8644,168682.9983,51.403429,-0.20555728
861,SOQd,South Quay,537791.7509,179765.0885,51.500035,-0.016248974
710,SRPu,South Ruislip,511083.3841,185448.3376,51.556988,-0.39906917
7404,STOr,South Tottenham,533702.2766,188603.2583,51.580437,-0.071782315
711,SWMu,South Wimbledon,525781.8347,170011.3307,51.415173,-0.19264347
712,SWFu,South Woodford,540540.5924,190050.2661,51.591777,0.027433347
3187,STLr,Southall,512712.5425,179817.2538,51.506055,-0.37736762
6947,SBUr,Southbury,534825.1417,196136.542,51.647871,-0.052689397
705,SFSu,Southfields,524727.2345,173390.1974,51.445773,-0.20661767
706,SGTu,Southgate,529674.0712,194271.5939,51.632322,-0.1277867
784,SWKu,Southwark,531616.7038,180053.702,51.504102,-0.10504975
1548,SACr,St Albans City,515389,207051,51.75028,-0.32986331
6973,SJSr,St James Street,536442.8028,188754.8657,51.581147,-0.03218953
6821,SMTr,St Margarets (Hertfordshire),538117.8824,211816.0667,51.787959,0.001085951
5290,SIHr,St. Helier,525424.4104,167149.7268,51.38954,-0.19879923
695,SJPu,St. James's Park,529580.2705,179465.2605,51.499279,-0.13459822
5059,SAJr,St. John's,537472.9982,176312.794,51.469092,-0.02218452
696,SJWu,St. John's Wood,526730.5688,183407.1467,51.535351,-0.17420357
5604,SMGr,St. Margaret's (Greater London),516808.9393,174245.9803,51.455154,-0.32021785
5073,SMYr,St. Mary Cray,546630.7461,168289.9127,51.394705,0.10625226
1555,STPr,St. Pancras International,530024.9149,183105.2893,51.531889,-0.12684951
697,STPu,St. Paul's,532022.7483,181323.8876,51.51542,-0.098728459
713,STBu,Stamford Brook,521867.0626,178794.7163,51.494972,-0.24588893
6968,SMHr,Stamford Hill,533382.4447,187926.3584,51.574429,-0.076654675
714,STAu,Stanmore,517608.8045,192478.5283,51.618857,-0.30262415
889,STLd,Star Lane,539148.5646,182083.7404,51.520541,0.004202648
715,STGu,Stepney Green,535613.1967,182117.6351,51.521706,-0.046717419
716,STKu,Stockwell,530496.803,176476.3888,51.472207,-0.12249873
6934,SKWr,Stoke Newington,533685.0693,186891.6476,51.565066,-0.072677991
717,SPKu,Stonebridge Park,519632.255,184209.4119,51.544106,-0.27623234
5606,SNLr,Stoneleigh,522040.3028,164142.4695,51.363243,-0.24844133
719,SFDu,Stratford,538548.3992,184376.5069,51.541294,-0.003552785
749,SHSd,Stratford High Street,538796.5121,183977.9728,51.537647,-0.000121785
504,STId,Stratford International DLR,538132.022,184856.8934,51.545709,-0.009359301
7222,SFAr,Stratford International NR,538177.0509,184756.594,51.544799,-0.00875
5607,STWr,Strawberry Hill,515523.4856,172438.0235,51.439167,-0.33930782
5383,STEr,Streatham,529997.2655,171303.0428,51.425834,-0.13159236
5384,SRCr,Streatham Common,529716.2658,170487.1342,51.418565,-0.13593019
5435,SRHr,Streatham Hill,530242.5545,172694.8633,51.438287,-0.12754467
1483,SUDr,Sudbury & Harrow Road,516844.7787,185284.1354,51.554351,-0.31604688
720,SHLu,Sudbury Hill,515437.8331,185533.3401,51.556878,-0.33625023
1484,SDHr,Sudbury Hill Harrow,515437.6969,185717.0906,51.558532,-0.33618989
721,STNu,Sudbury Town,516883.7969,184884.3215,51.550748,-0.31561741
5155,SUPr,Sundridge Park,540672.2522,170246.4951,51.413789,0.021432354
5571,SURr,Surbiton,518097.291,167294.7194,51.392414,-0.30400331
1083,SQEr,Surrey Quays,535619.584,178970.5556,51.493425,-0.047825767
5385,SUOr,Sutton (Surrey),526056.4845,163842.7366,51.359679,-0.19089299
5436,SUCr,Sutton Common,525655.3104,165579.3386,51.37537,-0.1960363
5075,SAYr,Swanley,550964.5705,168262.2194,51.393318,0.16848905
723,SWCu,Swiss Cottage,526653.7885,184336.5598,51.543726,-0.17497882
5437,SYDr,Sydenham,535350.4047,171565.7706,51.426945,-0.054544455
5085,SYHr,Sydenham Hill,533553.4452,172148.9627,51.432611,-0.080156813
5609,SYLr,Syon Lane,516429.4368,177199.528,51.481781,-0.32471236
5386,TADr,Tadworth,523107.6582,156176.6701,51.291427,-0.23585791
3151,TAPr,Taplow,491562.9303,181325.6762,51.523438,-0.68161904
5387,TATr,Tattenham Corner,522621.0058,158078.7039,51.308627,-0.24218571
5572,TEDr,Teddington,516028.2689,170813.7876,51.424468,-0.33257692
724,TEMu,Temple,530952.9706,180800.6227,51.510969,-0.11433396
5610,THDr,Thames Ditton,515660.1111,166865.5605,51.389059,-0.33915348
6949,TEOr,Theobalds Grove,535874.5755,201074.132,51.691982,-0.03560424
9491,TPLt,Therapia Lane,530284.7881,166844.1806,51.385696,-0.12908855
725,THBu,Theydon Bois,545541.2548,199094.5234,51.67178,0.10331779
5388,TTHr,Thornton Heath,532234.9159,168368.3228,51.398941,-0.10051474
5573,TOLr,Tolworth,519846.2829,165606.8183,51.376876,-0.27944643
5389,TOOr,Tooting,527955.7385,170583.1136,51.419827,-0.16119221
726,TBEu,Tooting Bec,528018.814,172340.5901,51.435612,-0.159652
727,TBYu,Tooting Broadway,527439.6012,171451.5628,51.427753,-0.16829674
728,TCRu,Tottenham Court Road,529771.2797,181358.5962,51.516256,-0.13115181
729,TTHu,Tottenham Hale LU,534500.0329,189479.3183,51.588119,-0.059937223
6951,TOMr,Tottenham Hale NR,534500.0329,189479.3183,51.588119,-0.059937223
730,TOTu,Totteridge & Whetstone,526121.5002,194003.5453,51.63072,-0.17917634
864,TOGd,Tower Gateway,533756.1828,180836.112,51.510628,-0.0739532
731,THLu,Tower Hill,533567.7741,180744.281,51.509846,-0.076695479
733,TPKu,Tufnell Park,529149.427,185854.7623,51.556803,-0.13846309
5390,TUHr,Tulse Hill,531801.9686,172910.8877,51.439868,-0.10504763
6952,TURr,Turkey Street,535132.4905,198911.9406,51.672734,-0.047183092
734,TGRu,Turnham Green,521255.314,178798.1424,51.49513,-0.2546994
735,TPLu,Turnpike Lane,531528.8178,189626.7807,51.59015,-0.10274151
5574,TWIr,Twickenham,516187.2114,173691.3225,51.450293,-0.32934797
3155,TWYr,Twyford,479039.1068,175762.9052,51.475317,-0.86334114
736,UPMu,Upminster,556213.9567,186855.1948,51.558948,0.25208801
737,UPBu,Upminster Bridge,555015.8765,186742.2285,51.558263,0.23477055
738,UPYu,Upney,545712.2887,184240.6558,51.538269,0.099621957
1524,UHLr,Upper Holloway,529741.1377,186612.4647,51.56347,-0.12964948
5391,UWLr,Upper Warlingham,534076.0569,158357.7873,51.308553,-0.077835161
739,UPKu,Upton Park,541170.0321,183760.6678,51.535109,0.033983845
740,UXBu,Uxbridge,505669.1135,184182.7902,51.546657,-0.477513
777,VUXu,Vauxhall LU,530293.6769,178006.5795,51.486013,-0.12485562
5597,VXHr,Vauxhall NR,530440.6432,177992.397,51.485844,-0.12274524
741,VICu,Victoria LU,528994.4964,179126.2441,51.496367,-0.14315946
5426,VICr,Victoria NR,528899.9872,178941.8019,51.494735,-0.14457997
5392,WDOr,Waddon,531153.4046,164819.3846,51.367298,-0.11736868
9497,WDMt,Waddon Marsh,531093.4135,165897.4273,51.376999,-0.11783282
5394,WLTr,Wallington,528860.3395,163974.7485,51.360237,-0.15059471
6823,WLCr,Waltham Cross,536530.4911,200339.3298,51.685219,-0.026421254
742,WALu,Walthamstow Central,537282.6645,188971.9884,51.582893,-0.019989282
7407,WMWr,Walthamstow Queen's Road,537025.9228,188812.6598,51.581527,-0.02375818
9498,WPKt,Wandle Park,531414.2236,165513.7969,51.373483,-0.11336486
5395,WSWr,Wandsworth Common,527721.0725,173503.2183,51.446122,-0.16351795
5372,WWRr,Wandsworth Road,529396.563,176197.84,51.469962,-0.13842918
5576,WNTr,Wandsworth Town,525961.4941,175110.5089,51.460967,-0.18825816
743,WANu,Wanstead,540674.1683,188258.474,51.575642,0.028634657
7408,WNPr,Wanstead Park,540545.9573,185595.6489,51.551754,0.025725329
1085,WPEr,Wapping,535018.6308,180180.1762,51.504433,-0.056015378
6824,WARr,Ware,535945.4512,213997.7243,51.808097,-0.02954416
745,WSTu,Warren Street,529235.1286,182286.9039,51.524719,-0.13853214
746,WARu,Warwick Avenue,526133.7037,182015.9604,51.522984,-0.18330404
5158,WAEr,Waterloo East,531375.549,180054.5859,51.504167,-0.10851968
747,WLOu,Waterloo LU,531000.309,179915.5875,51.503005,-0.11398552
5598,WATr,Waterloo NR,531082.6861,179899.506,51.502842,-0.11279632
748,WATu,Watford,509504.4732,196541.6698,51.657008,-0.41837506
1455,WFHr,Watford High Street,511305.5908,196049.6847,51.652232,-0.39249221
1402,WFJr,Watford Junction,511027.0335,197347.0113,51.663945,-0.39611191
6073,WMGr,Welham Green,523588,205651,51.735951,-0.21164888
9499,WLRt,Wellesley Road,532503.8757,165780.3914,51.375621,-0.097614987
5128,WLIr,Welling,546085.7271,176077.6275,51.464825,0.10163325
6183,WGCr,Welwyn Garden City,523949.226,212881.6216,51.800854,-0.20384607
751,WEMu,Wembley Central,518206.2249,185095.8309,51.552378,-0.29648851
752,WPKu,Wembley Park,519316.0058,186373.8947,51.563631,-0.28005327
1509,WCXr,Wembley Stadium,518997.2753,185321.9401,51.554243,-0.28500887
753,WACu,West Acton,519409.4161,181338.1968,51.518351,-0.28041909
755,WBTu,West Brompton,525408.4992,177991.4487,51.486973,-0.19519277
5411,WCYr,West Croydon NR,532186.9544,166126.4569,51.378804,-0.10203824
8776,WCRt,West Croydon Trams,532215.0836,166154.0471,51.379049,-0.10162574
3174,WDTr,West Drayton,506174.6572,180087.6824,51.509755,-0.47145169
5086,WDUr,West Dulwich,532767.045,173009.4085,51.440524,-0.091134926
3188,WEAr,West Ealing,516610.8893,180726.7566,51.513443,-0.32092815
756,WFYu,West Finchley,525547.0984,191620.6173,51.609433,-0.18833261
757,WHMu,West Ham,539151.3602,182924.8772,51.528098,0.004563334
1421,WHDr,West Hampstead LO,525463.0415,184705.2499,51.547299,-0.19201331
758,WHDu,West Hampstead LU,525606.3652,184655.1941,51.546818,-0.18996996
1525,WHPr,West Hampstead NR,525438.5028,184829.6141,51.548428,-0.19231472
759,WHRu,West Harrow,514215.212,188031.7797,51.579587,-0.35307221
866,WIQd,West India Quay,537477.9413,180502.8575,51.506743,-0.020482425
760,WKNu,West Kensington,524653.4627,178383.0031,51.490662,-0.20592269
5438,WNWr,West Norwood,531931.6452,171996.2359,51.431615,-0.10351891
762,WRPu,West Ruislip,508420.7061,186783.036,51.569504,-0.4370405
559,WSId,West Silvertown,540460.9944,180154.7887,51.502883,0.022332438
5293,WSUr,West Sutton,525091.9049,164551.6717,51.366264,-0.20448205
5054,WWIr,West Wickham,538270.4745,166573.1484,51.381373,-0.014514997
754,WBPu,Westbourne Park,524883.5868,181756.2029,51.520925,-0.20140395
5151,WCBr,Westcombe Park,540278.5455,178073.0827,51.48422,0.018885183
865,WESd,Westferry,537037.0883,180789.157,51.50942,-0.026721658
761,WMSu,Westminster,530245.1154,179713.1011,51.501355,-0.12493192
764,WCTu,White City,523324.2664,180717.5956,51.511938,-0.22423982
6956,WHLr,White Hart Lane,533700.2038,191289.1708,51.604575,-0.070788732
763,WCLu,Whitechapel,534649.9023,181855.6513,51.519582,-0.060689185
5611,WTNr,Whitton,514213.2625,173557.8888,51.449499,-0.35778597
5396,WHYr,Whyteleafe,533850.3064,158504.2935,51.309918,-0.081020829
5439,WHSr,Whyteleafe South,534132.0688,157825.0872,51.30375,-0.077232444
765,WLGu,Willesden Green,523362.8523,184882.0271,51.549352,-0.22222091
766,WJNu,Willesden Junction,521933.1923,182938.4507,51.532192,-0.24350705
767,WIMu,Wimbledon,524883.806,170756.6004,51.422076,-0.2052873
5612,WBOr,Wimbledon Chase,524267.5578,169390.6492,51.409934,-0.21462045
768,WMPu,Wimbledon Park,525285.3758,172099.9359,51.434057,-0.19904861
8777,WMBt,Wimbledon Trams,524861.1669,170660.6545,51.421218,-0.2056517
6024,WIHr,Winchmore Hill,531525.4614,194489.2109,51.633843,-0.10097657
770,WGNu,Wood Green,531020.5898,190422.3696,51.597413,-0.10977375
599,WDLu,Wood Lane,523353.6386,180497.4479,51.509946,-0.22388498
6954,WSTr,Wood Street,538538.9063,189467.7814,51.587043,-0.001677688
769,WFDu,Woodford,540950.1573,191733.8321,51.606807,0.034009672
7467,WGRr,Woodgrange Park,541871.4249,185341.2475,51.549131,0.04472025
5441,WMEr,Woodmansterne,528734.5882,159376.06,51.318934,-0.15405024
8779,WDSt,Woodside,534717.197,167112.7736,51.387079,-0.06533357
771,WSPu,Woodside Park,525714.1226,192572.6528,51.617951,-0.18558107
573,WOAd,Woolwich Arsenal,543761.4513,178801.5585,51.489896,0.069294258
5153,WWDr,Woolwich Dockyard,542768.3296,178906.1583,51.491082,0.055043366
5579,WCPr,Worcester Park,522232.2363,166169.023,51.381419,-0.24498843
